GDP at current market prices (Million euro),,,,,,,,,,,,,,,,,,
source: nama_10r_2gdp (eurostat) Swiss Federal Statistical Office (FSO) CHF-EURO 1.07 (2015),,,,,,,,,,,,,,,,,,
nuts_2,2000,2001,2002,2003,2004,2005,2006,2007,2008,2009,2010,2011,2012,2013,2014,2015,2016,2017
AL01,893.0249634,1036.192505,1089.584961,1164.476196,1365.05249,1529.71875,1675.248779,1845.112427,2079,2071,2224,2215,2297,2277,2312,2382.785156,,
AL02,1807.097778,2096.807129,2204.850342,2356.397949,2762.277832,3095.491455,3389.981445,3733.712402,4207,4153,4211,4195,4294,4319,4517,4655.293945,,
AL03,1079.877319,1253.000488,1317.564575,1408.12561,1650.669556,1849.789795,2025.769897,2231.175049,2514,2436,2560,2859,2995,3030,3133,3228.921143,,
AT11,4797.11,4959.32,5197.97,5335.41,5636.53,5720.65,5903.71,6283,6410,6441.6,6698.37,7012.58,7365.43,7539.32,7737.13,8033.86,8334.08,8764.81
AT12,33533.84,34117.68,34826.06,35717.79,37926,39188.57,41460.38,44580.08,46347.7,45200.08,46285.87,48511.32,49802.6,50470.13,52049.38,53849.85,55318.99,57349.11
AT13,57659.46,59843.01,61964.41,62665.56,64529.61,67364.39,71019.25,73964.95,76693.89,76312.79,78130.06,80747.85,81981.67,83117.69,84749.77,87265.78,91221.72,93864.68
AT21,12378.81,12584.04,12971.95,13289.85,13873.75,14568.19,15230.89,16364.24,16762.73,16157.87,16582.06,17548.27,17771.87,17907.85,18419.82,18721.76,19169.5,20233.74
AT22,27128.72,28084.14,28541.21,29339.69,31033.42,32520.86,34120.52,36539.05,37601.39,36635.21,37576.19,39466.78,40956,41303.53,42710.57,43673.26,45129.66,47223.27
AT31,35248.29,36472.01,37245.2,38414.02,39963.72,42531.43,44733.75,47409.72,49712.78,48055.03,49592.4,52574.13,53978.67,55424.89,57136.85,58679.14,60697.45,63395.24
AT32,15240.72,15682.49,16163.12,16542.11,17460.23,18295.72,19451.99,20895.93,21340.18,20852.16,21867.35,22947.39,23886.5,23965.79,24504.84,25615.29,26785.71,27618.47
AT33,17974.88,18700.38,19341.96,19990.15,20794.37,22166.1,23576.74,24818.47,25318.72,25155.92,25591.41,26948.49,28190.68,28939.63,29853.47,31237.31,32392.99,33783.44
AT34,9538.19,9974.58,10375.77,10463.84,11024.09,11611.14,12218.55,13015.03,13458.09,13109.9,13443.88,14241.7,14583.63,15116.8,15860.95,17049.95,17055.14,17531.87
BA01,,,,,,,,,,,,,,,,,,
BA02,,,,,,,,,,,,,,,,,,
BA03,,,,,,,,,,,,,,,,,,
BE10,49036.42,51061.17,53064.04,53859.38,56742.1,59425.05,60962.88,63531.22,64674.97,64866.62,67690.83,70775.05,71868.34,72199.83,72154.09,74521.79,76430.45,77694.47
BE21,48656.52,49201.09,51550.46,52806.73,56413.46,59819.52,62098.37,65818.48,67567.61,65375.51,68762.54,71544.99,73482.51,74442.77,76447.87,78861.05,82041.53,85752.71
BE22,16627.05,17140.21,17767.58,18350.74,18990.28,19352.66,20718.37,22037.06,22807.79,21646.01,22717.2,23999.46,24465.56,24665.61,25590.19,25880,26653.62,27810.46
BE23,29586.38,30425.25,31875.42,32979.62,34930.3,36168.57,38089.71,40725.39,41529.09,41749.6,43503.76,45308.13,46269.78,47089.3,48141.16,50162.88,51917.96,53854.98
BE24,25808.1,27219.06,27502.87,28656.55,30453.85,31790.65,33944.56,35854.01,36732.02,37200.43,38191.4,39425.94,41241.85,42152.57,42791.7,44088.83,45866.51,47104.45
BE25,26691.92,27399.52,28171.04,28940.28,30424.88,31442.36,33533.75,35608.76,35911.88,35247.41,36828.87,38200.37,39205.2,39976.72,41365.28,41993.63,43589,45263.22
BE31,8704.01,9114.83,9574.55,9760.05,10670.49,11205.35,11814.99,12583.32,13576.09,13214.01,15175.77,14274.46,14466.82,14850.76,15587.71,16326.11,16860.14,17476.95
BE32,21400.07,21858.26,22260.26,23189.62,24231.96,25078.53,26169.5,27398.38,28572.2,27407.44,28496.71,29901.97,30229.93,30423.19,30873.06,31361.48,32143.34,33201.63
BE33,19173.32,19555.61,20026.08,20446.69,21593.9,22407.24,23582.63,24806.32,25741.32,25290.29,26131.46,27561.1,27915.42,28072.79,28358.67,28772.87,29641.45,30812.08
BE34,4469.3,4497.49,4681.42,4781.31,4997.71,5217.99,5583.1,5745.14,5878.45,5772.59,5985.02,6213.92,6229.67,6267.23,6343.47,6500.34,6650.58,6879.82
BE35,7735.94,7970.91,8255.28,8579.34,9041.39,9395.71,9989.96,10425.45,10888.95,10818.04,11372.19,11647.52,11858.58,11927.86,12163.9,12282.29,12684.68,13007.64
BG31,1660.87,1804.44,1881.83,1909.95,2032.94,2241.67,2324.92,2659.03,2935.74,2823.84,2786,2977.86,2984.7,2954.26,3053.27,3074.52,3182.78,3485.83
BG32,1490.83,1673.38,1876.65,1872.63,2026.93,2279.01,2447.17,2801.09,3119.65,3060.16,3031.39,3251.86,3365.97,3419.08,3577.13,3619.18,3775.39,4017.21
BG33,1710.04,1821.78,1984.28,2129.12,2371.92,2672.12,3081.81,3609.91,4186.04,4012.79,4047.26,4405.03,4577.5,4561.84,4777.03,4936.63,5118.52,5457.41
BG34,2183.28,2194.37,2285.63,2524.28,2821.63,3268.32,3497.03,3884.73,4516.5,4578.17,4556.23,4864.58,5110.8,5181.21,5355.48,5535.48,6236.35,6685.27
BG41,5047.42,5841.21,6704.87,7329.55,8402.14,9689.79,11736.97,14784,17204.52,17560.01,18381.14,19988.74,19939.76,19823.03,20193.4,21695.88,23061.33,24741.6
BG42,2213.4,2449.12,2610.38,2888.47,3276.39,3701.74,4123,4710.35,5237.6,5282.7,5428.51,5803.97,5968.51,5918.69,5868.14,6426.78,6754.28,7275.7
CH01,,,,,,,,,,,,,,,,131301.1881,,
CH02,,,,,,,,,,,,,,,,146334.9385,,
CH03,,,,,,,,,,,,,,,,102522.5977,,
CH04,,,,,,,,,,,,,,,,156643.8838,,
CH05,,,,,,,,,,,,,,,,87210.90047,,
CH06,,,,,,,,,,,,,,,,66655.45952,,
CH07,,,,,,,,,,,,,,,,32368.17314,,
CY00,10804.59,11602.93,12082.95,12871.33,13937.98,15039.29,16263.84,17591.05,19006.18,18673.53,19299.51,19730.98,19489.72,18140.49,17609.98,17746.02,18490.2,19570.92
CZ01,15171.68,17419.58,20359.87,21170.92,23099.98,26870.28,30519.61,34851.67,41263.38,37949.9,40265.86,40819.11,39937.93,38926.93,37903.92,42448.39,44409.03,48750.85
CZ02,7260.13,8184.88,9546.19,9407.33,10302.72,11365.8,13312.48,14976.87,17647.62,15919.06,16629.81,17935.54,17873.56,17410.73,17912.91,19022.76,20632.19,22784.36
CZ03,7198.47,8054.85,9275.86,9344.65,10264.09,11614.53,13189.98,14112.21,15772.14,15047.59,15874.45,16526.1,16179.44,16171.66,16070.33,16935.9,17788.39,19089.78
CZ04,6127.55,6725.97,7838.05,8050.57,8577.69,9699.14,10788.7,11815.76,13654.6,12927.85,13178.67,13566.07,13248.37,12769.68,12360.29,13276.93,13300.32,14315.26
CZ05,8697.06,9700.18,11040.54,10886.04,11696.52,13323.09,14952.78,16512.32,18885,17400.43,18523.7,19449.26,18859.72,18452.17,18508.71,19773.43,20890.78,22980.9
CZ06,9473.68,10797.56,12401.32,12605.61,13501.09,15317.31,17315.1,19504.77,22865.2,21188.02,22273.7,23737.67,23861.36,23870.15,23518.73,25060.83,25942.75,27759.78
CZ07,6497.82,7275.89,8311.72,8436.58,9043.21,10188.57,11485.49,12708.34,15044.44,13881.19,14595.73,15496.79,15221.24,14849.29,15138.59,15827.88,16618.19,18024.15
CZ08,6412.38,7228.81,8281.5,8347.44,9543.18,11248.93,12379.04,13820.92,16180.73,14367.97,15376.32,16509.92,16252.71,15291.04,15246.48,16127.17,16788.48,18016.66
DE11,129806.79,137149,137077.77,139236.81,139367.48,138940.1,149239.95,158946.4,157437.08,144872.96,159984.55,169277.88,173825.93,178044.47,185664.69,198387.19,202849.32,209788.62
DE12,78523.32,81746.28,83203.44,83386.04,84676.06,86668.51,91282.01,95445.7,97800.5,93194.92,98661.16,102810.45,103822.36,105703.37,108396.37,113776.08,117550,121617.55
DE13,54110.97,55685.15,56180.03,56390.5,57444.05,58348.23,61551.51,64430.36,66165.91,61933.47,65957.61,69796.08,70893.93,73291.88,77004.02,79863.21,82466.09,85370.78
DE14,47109.15,48930.43,49356.72,49735.18,51209.78,52311.73,54882.95,58304.36,60082.13,55494.78,60309.64,64070.72,65146.92,67224.11,69606.99,72839.24,76820.6,79463.32
DE21,155299.61,162767.65,166000.72,164240.16,169728.19,172879.31,179916.09,190234.77,188196.76,184699.69,193647.53,207712.01,215064.3,223134.33,232022.01,244333.76,252617.4,262804.1
DE22,27212.93,28929.46,29568.12,29380.81,30685.82,31091.05,32164.92,33943.7,34482.74,33587.73,36542.98,38953.34,38857,40251.19,42703.79,43861.34,45480.54,47667.02
DE23,26536.87,26877.7,27814.17,27818.56,28459.21,29240.59,30245.53,32316.71,33334.86,32162.76,34569.23,36777.87,37618.97,38761.42,41029.78,42389.33,43584.35,45590.8
DE24,25213.75,26170.59,26182.27,25734.42,26505.18,26597.8,28071.21,28982.61,29280.07,29228.57,30594.66,32376.64,33029.7,33618.65,34768.71,36658.27,37797.04,39413.37
DE25,47381.82,47377.33,49270.63,48908.22,51196.95,50801.91,52614.85,54975.81,56720.2,55705.22,58143.27,61396.47,63532.13,64949.44,67494.69,70247.72,73050.13,76103.84
DE26,33321.29,34865.42,35518.84,35568.12,36225.98,37397,38562.68,40321.67,40614.07,38729.64,41146.16,44173.27,44829.39,45747.93,47158.55,48315.59,50473.64,52714.65
DE27,43773.79,45540.07,47293.81,46677.3,47821.95,48903.5,51328.04,52787.52,54304.38,52592.78,55559.03,59082.38,61083.14,62620.62,65456.47,67975.26,70398.92,73524.21
DE30,85335.52,86183.2,86305.8,85474.37,85407.35,87253.71,90411.69,94674.55,99302.09,99267.09,103291.96,108142.63,109909.82,112602.86,117941.53,124576.03,130355.11,136230.66
DE40,44684.57,45793.54,46391.66,46714.93,47955.89,48715.85,50819.6,53004.02,54883.55,53627.23,56033.82,57740.16,58992.51,60781.02,63791.21,65442.44,67324.91,69486.92
DE50,22360.54,23155.5,23821.61,24438.4,24694.26,25107.78,26285.26,27285.62,27652.41,25161.93,26718.76,27664.51,28871.42,29166.55,30065.35,31222.41,32205.21,33791.2
DE60,78126.89,82478.42,83916.47,84233.79,86051.73,87943.93,89173.25,92386.99,95144.79,91715.21,94577.94,95872.06,98016.74,102232.53,104944.38,110434.62,113165.06,117778.9
DE71,140075.66,145674.53,145856.71,149739.74,151616.93,152781.89,157543.9,163380.32,165387.01,157993.7,163086.6,169126.03,171057.98,175197.49,182451.85,186857.88,193476.6,200193.47
DE72,24429.91,25092.8,25404.34,25648.76,26456.26,26821.24,27546.46,28985.87,29840.92,27491.33,28449.1,29665.76,29762.74,30281.55,31666.69,32541.95,33639.35,34906.54
DE73,30006.75,30852.21,31461.38,32535.89,32593.23,32651.73,33833.45,35097.27,35340.76,34010.89,35634.96,36784.7,37199.67,38350.21,39774.25,41289.63,43314.57,44903.24
DE80,29126.64,29598.28,29882.88,30136.07,30639.2,30830.05,31669.84,33484.74,34451.75,34100.85,34968.91,36262.93,36710.33,38053.84,39533.14,40397.62,41170.85,42930.43
DE91,42893.74,44027.91,42476.19,43013.58,44170.68,45344.01,46691.03,49440.52,49593.4,46021.05,51032.26,55412.72,56385.62,57483.29,60282.67,58224.84,69233,71989.82
DE92,54956.39,55410.28,56154.61,56085.04,56611.88,59198.12,62066.27,63180.37,65267.6,62704.57,65497.36,69052.03,70224.91,70432.52,72726.5,74481.32,78189.51,81222.8
DE93,30977,31268.59,31434.88,31541.59,32316.24,32485.65,33824.26,35492.22,36387.42,35661.33,36994.91,38671.16,40288.91,41413.41,43580.47,44878.74,45781.2,47861.8
DE94,55011.74,56336.46,55821.86,56060.71,58436.83,58766.29,61884.72,65304.61,67974.32,65441.27,69326.64,72750.08,74613.78,76249.75,78592.84,81699.88,85134.12,88940.94
DEA1,148355.28,153891.36,155349.14,156582.86,161092.23,162978.09,166551.15,178344.71,186284.87,177723.73,180354.73,186673.44,187446.51,190560.12,197480.7,202341.79,207488.15,214292.34
DEA2,125769.3,128347.11,133759.73,131202.4,134291.74,134533.62,140629.27,148656.41,149094.8,146701.11,150452.78,155592.71,158235.36,162613.91,168525.31,176907.45,182982,188736
DEA3,57121.41,58572.49,58957.38,59610.31,62085.97,63247.79,65923.32,69751.52,72043.16,68409.92,71491.12,74474.3,75766.97,77227.12,79585.1,81715.71,84523.11,87530.45
DEA4,51820.74,52419.15,52694.05,52796.3,53742.69,55196.49,56909.2,60830.53,61550.58,59112.51,60929.14,64488.08,66114.28,68216.27,71145.32,72593.78,75529.78,78143.82
DEA5,85823.61,86435.01,87408.83,88176.26,90466.76,92588.42,95429.39,100419.47,103415.69,98430.87,102944.94,107556.47,108769.36,110208.26,114392.05,117061.81,120588.2,124601.02
DEB1,33605.74,33779.13,34688.82,34884.08,35897.5,36303.13,37683.08,39034.24,39645.94,38435.47,40448.16,42261.18,43130.18,44153.04,46190.59,47697.49,49208.02,51152.58
DEB2,10313.41,10481.67,10828.97,11108.08,11422.53,11470.34,11773.51,12293.35,12657.74,12336.57,12670.95,13490.76,13780.61,14419.09,14922.01,15515.35,15904.58,16560.46
DEB3,50206.02,50230.25,51059.67,51113.48,52845.41,53030.28,55179.72,58121.34,59036.08,57587.08,61218.98,63856.16,65813,66689.73,69171.18,72670.98,74359.91,77505.78
DEC0,25412.17,25969.57,25990.32,26233,27366.8,28725.82,29896.45,31353.02,31729.8,28690.46,30295.42,32033.13,32276.52,31975.01,33428.93,34326.87,34511.92,35447.48
DED2,29687.17,30951.77,32416.48,33378.24,34501.56,34401.49,35533.53,37270.7,37382.45,36409.42,37721.99,39101.2,39774.34,41137.22,43018.39,45673.15,47139.65,48514.64
DED4,27347.59,27937.53,28745.34,29133.42,29834.79,29813,31411.91,32843.22,33138.42,31591.58,33198.09,34674.72,34992.61,35337.6,37031.42,38291,39946.56,41071.96
DED5,18489.27,19070.03,19703.82,19997.68,20393.82,20438.93,21833.33,22839.63,23460.6,23167.05,24132.43,25734.58,26752.93,27748.25,29322.86,30233.57,31650.87,32591.14
DEE0,42430.12,43062.79,44606.65,44904.61,45769,45864.45,47898.64,50152.98,50869.32,48530.45,51349.93,52042.32,54219.6,55177.71,56500.39,57907.64,59484.69,61064.27
DEF0,64149.11,66095.71,65344.37,66124.52,67570.82,68041.31,70119.41,71983.88,74363.17,72241.33,73897.81,76596.57,79837.12,81480.05,84566.09,86885.5,90109.46,93639.53
DEG0,39673.39,40695.64,41341.54,42135.78,43067.25,43146.91,44868.62,46928.27,47422.72,45513.46,48224.5,50972.47,51612.42,53712.47,56661.97,58350.56,60250.48,62198.89
DK01,65298.7,67803.5,68469.16,70287.24,74539.73,79913.72,81354.4,84035.62,87990.84,85989.65,93399.91,93288.54,97256.43,100665.88,105454.55,111122.73,114930.85,119566.87
DK02,18740.67,19656.63,20564.79,21022.51,21885.77,22577.3,24028.29,24453.88,24256.99,23437.27,24547.41,24744.88,25470.62,25452.3,25982.97,27592.27,28165.99,29059.61
DK03,35098.36,36215.33,37644.84,38299.75,39542.9,40170.85,43497.34,45666.54,47190.59,45297.11,47069.35,48275.04,49040.87,50154.47,51473.07,52592.07,53801.27,55282.29
DK04,36762.95,38346.22,40096.66,40349.18,41814.14,42750.77,46690.59,48318.22,49903.06,48727.33,49135.59,51001.38,51529.72,52311.72,53675.21,54150.95,57416.34,59585.04
DK05,16647.04,17177.01,18143.83,18456.3,18511.92,18973.06,20513.16,21431.48,21888.78,21130.47,21366.13,21628.15,22342.4,22603.35,22880.11,23613.64,24420.4,25536.64
EE00,6170.77,6976.37,7773.84,8708.88,9707.66,11262.3,13521.71,16246.4,16517.27,14145.86,14716.53,16667.63,17934.89,18932.28,20061.19,20652.01,21682.65,23615.11
EL30,64920.7,68948.32,75416.85,82494.25,90814.66,94038.98,104333.63,112007.91,116716.94,116000.89,110462.15,100971.58,92671.3,87642.09,86047.08,84514.6,83872.31,85285.21
EL41,1920.06,2030.94,2116.46,2490.15,2637.97,2797.22,3040.6,3304.37,3513.52,3395.47,3184.47,2944.12,2678.17,2572.94,2552.55,2504.2,2455.45,2497.82
EL42,4859.57,5071.12,5158.33,5783.96,6299.07,6661.94,7178.06,7683.25,8183.03,7599.14,7236.17,6603.42,6079.42,5983.12,6042.11,6120.53,5980.76,6113.81
EL43,6983.48,7550.65,8079.93,8800.73,9678.84,9867.01,10692.91,11200.47,11807.52,11509.23,10859.92,9715.67,8845.34,8564.52,8780.96,8880.05,8732.22,8961.88
EL51,5950.78,6280.44,6685.58,7206.05,7610.56,7867.8,8141.33,8906.26,9450.34,9306.01,9197.63,8149.88,7579.47,7004.48,6877.74,6830.77,6901.25,6938.65
EL52,20069.98,21505.2,22602.81,24513.54,26694.29,26890.05,29549.75,31951.55,33304.45,32439.07,30347.86,28091.55,25807.04,24172.29,23771.4,23918.11,24237.43,24952.66
EL53,3285.84,3533.09,3893.33,4324.14,4565.83,4760.04,4925.56,4978.84,4801.57,5038.6,4980.91,4818.94,4724.15,4398.39,4530.01,4336.71,3915.54,4010.06
EL54,3437.24,3638.69,3966.91,4303.47,4422.34,4513.69,4788.91,5028.61,5157.9,5024.51,4930.15,4611.25,4187.22,3989.21,3955.23,3925.24,3960.03,4001.38
EL61,7549.01,8083.25,8681,9883.07,10396.55,10229.76,11213.68,11752.2,12186.27,11814.34,10835.34,9953.17,9516.79,9064.71,9114.24,9153.57,9213.91,9436.89
EL62,2718.55,2938.18,2975.7,3400.9,3609.42,3789.2,4029.81,4285.3,4522.18,4200.25,3992.38,3479.28,3259.88,3066.45,3111.77,3128.53,3124.42,3158.92
EL63,6971.69,7419.24,8059.57,8772.07,9472.86,9724.62,10728.07,11243.68,11364.73,10889.66,10671.39,9610.56,8956.6,8274.67,8195.7,8155.8,8031.87,8164.38
EL64,7840.54,8283.74,8520.42,9151.36,9384.92,9738.16,10115.6,10562.47,10879.47,10404.88,9903.19,9273.45,8628.03,8074.66,7911.69,7960.02,8185.24,8552.4
EL65,6468.56,6910.98,7303.87,7781.21,8128.5,8363.84,9123.66,9789.69,10102.45,9912.12,9429.89,8806.03,8270.49,7846.75,7766.01,7830.24,7877.51,8143.53
ES11,33391.18,35968.09,38451.22,41225.47,44351.21,48125.47,52169.08,56233.89,58586.07,56742.06,57028.03,55832.85,54028.45,53715.42,53981.1,56300.06,57958.87,60568.09
ES12,14266.59,15389.26,16315.28,17269.87,18386.08,19955.51,21700.36,23239.37,23990.38,22724.92,22869.83,22466.73,21421.16,20670.72,20562.67,21247.44,21597.59,22909.98
ES13,7945.29,8604.05,9198.48,9704.14,10339.13,11169.62,11976.08,12845.74,13279.84,12810.14,12826.97,12592.66,12153.37,11751.42,11935.69,12181.45,12571.26,13187.15
ES21,40711.41,43591.32,46167.22,48879.86,52130.81,56211.63,60937.67,65091.94,67701.04,64938.34,65683.84,65181.96,63824.65,62654.01,63895.92,66118.9,68391.95,71464.33
ES22,11157.47,11906.25,12741.23,13586.43,14514.31,15635.13,16816.1,17958.62,18739.48,18205.76,18257.73,18222.13,17574.77,17482.64,17836.02,18403.54,19055.93,19776.87
ES23,4889.85,5224.73,5533.85,5994.2,6358.61,6855.26,7419.95,7963.06,8275.66,7950.57,8014.06,7914.19,7655.94,7517.93,7647.15,7886.07,7944.56,8182.36
ES24,20042.84,21557.35,23410.56,25087.79,26800.59,28907.05,31407.16,34228.25,35616.75,34139.19,34408.15,33920.02,32538.08,32587.12,32801.43,33326.71,34698.77,36379.7
ES30,114203.37,124397.93,133558.9,143196.08,153815.35,166138.73,181318.12,194533.37,202013.71,199508.68,197925.56,198904.46,195628.8,192900.11,195190.75,204304.27,211781.88,220024.92
ES41,35646.08,37970.7,40385.22,42969.8,45712.49,48866.69,52148.03,55831.5,57094.65,55460.18,55560.95,55081.11,53450.87,51856.25,51886.6,53534.64,55211.84,56819.65
ES42,21713.69,23582.81,25415.82,27621.59,29647.23,32485.43,35434.28,38706.88,40391.08,39212.3,39231.99,38777.29,37506.92,36584.8,35765.87,37442.01,38748.6,40298.76
ES43,10745.46,11484.44,12237.78,13094.98,13986.83,15215.49,16231.09,17482.46,18155.6,17778.37,18027.65,17564.74,16876.53,16782.77,16706.85,17522.73,18134.01,18838.49
ES51,122056.85,132311.04,141450.48,151676.93,162716.07,175031.7,189854.11,203402.64,209013.65,202037.46,203334.36,200201.83,195228.35,193145.56,196675.72,205349.96,213930.54,223987.88
ES52,62531.68,68323.89,73246.59,78242.14,83895.98,90535.45,98381.76,105192.64,108512.42,102786.08,102334.17,100673.27,96437.17,95256.48,97309.73,100851.36,104187.81,108632.63
ES53,16492.84,17789.73,18780.08,19692.92,20983.9,22602.71,24429.56,26144.87,27195.04,26154.3,26195.9,26032.28,25649.04,25510.55,26300.7,27617.76,29134.15,30435.86
ES61,86331.52,93492.55,100887.93,109789.64,118724.32,128986.56,139066.93,148644.78,152143.74,146322.01,146132.06,144664.22,139723.87,137390.52,139084.27,145760.53,149691.5,155934.71
ES62,15675.77,17085.61,18598.24,20241.24,21757.99,23867.31,25936.66,27989.74,29138.44,27798.25,27985.88,27245.65,26550.22,26482.07,26611.56,28236.27,29115.52,30410.39
ES63,1018.44,1052.88,1110.24,1187.29,1255.41,1329.85,1427.71,1521.35,1573.49,1564.8,1588.83,1584.99,1534.79,1557.81,1548.48,1599.94,1641.45,1662.35
ES64,922,954.13,995.27,1062.74,1133,1209.04,1295.79,1361.38,1411.54,1406.61,1423.18,1425.02,1377.83,1394.46,1402.89,1457.99,1501.67,1527.13
ES70,25962.49,28278.19,30245.92,32434.46,34305.18,36767.56,39248.06,41656.27,42584.14,40696.45,41250.73,41051.13,39803.26,39559.87,39832.02,41150.18,42665.71,44502.72
FI19,30250.42,32840.47,33389.57,34404.26,35520.34,37177.1,38696.46,42385.52,44183.42,41018.99,42531.95,45371.15,45982.22,46037.38,46366.15,47043.05,48039.11,49804.43
FI1B,50241.58,53813.9,54464.75,55016.94,57713.6,60177.73,64105.43,69675.7,72790.89,69996.63,72507.86,74378.39,75033.47,77725.46,78475.89,81769.2,84256.2,86714.15
FI1C,27758.76,28894.69,30119.09,30547.94,32186.77,32959.89,34098.76,36522.26,37419.27,34218.96,34461.78,37230.03,38108.24,38160.53,38696.19,38915.15,40148.79,42208.35
FI1D,27072.22,27813.84,29233.91,30548.08,31973.76,32965.09,34569.4,36830.68,38161.75,34572.71,36372.57,38606.5,39283.09,40008.02,40549.83,40448.23,42252.51,43676.98
FI20,806.12,957.02,976.89,990.45,1021.35,1047.83,1075.38,1098.1,1085.53,1149.3,1148.4,1193.19,1300.84,1341.98,1320.56,1368.26,1356.98,1383.16
FR10,421009,435191,451571,460575,476583,497046,515787,552691,595566,573589,609330,615232,629003,642908,648815,659797,683961.78,709196.69
FR21,31122,31231,31776,32001,34312,34630,35640,37473,37068,34996,35368,37756,36826,37113,37084,36907.99609,36911.08,37108.72
FR22,37649,38805,39719,40799,41709,42723,43811,46018,45700,44077,44967,46374,46843,46977,47007,47363,47626.45,47641.41
FR23,39873,40920,41860,43057,44667,45777,47383,50033,49392,47559,48971,50663,51255,51708,52083,52613.98828,53234.97,53986.93
FR24,53848,55963,57329,58715,61231,62556,64978,67616,66043,64581,65621,67777,68187,68672,68834,69745.01563,70526.18,71492.52
FR25,29298,29958,30955,32065,33643,34324,35740,36984,36898,35834,36504,37885,37601,38030,38155,38569,38905.27,39416.71
FR26,35092,35797,36639,37275,39131,39730,41341,43673,43679,41943,41681,43270,43259,43553,44290,45215.01953,44263.44,44411.59
FR30,77017,79384,82277,84817,88037,90740,95263,99549,101937,98948,99878,103740,103430,104981,106668,109113.9766,109880.34,111507.57
FR41,46980,48661,49821,51036,53371,54348,56237,58117,57111,55338,55059,56508,56083,56562,57208,58314,57456.41,57726.85
FR42,42793,43989,44935,45845,47353,47996,49937,52709,53887,52497,52305,54370,54244,55165,55872,57167.02344,57699.74,59768.1
FR43,24013,25130,25694,26147,27042,27400,28158,29280,29157,28125,28340,29246,28178,28199,28689,29797.96094,29579.68,30394.55
FR51,72099,75963,78643,81298,84600,87677,91239,95791,98133,95281,96624,101912,103149,104828,106568,109291,112121.41,116125.85
FR52,62575,65137,67061,69392,74262,77371,80878,83730,82749,80325,81234,84959,86081,87499,89359,91636,93100.94,96669.24
FR53,33548,34949,36407,37596,39336,40264,41875,44062,43199,42363,43374,45224,46239,46651,47374,48673.97266,48262.66,49402.05
FR61,64267,68413,71151,72834,75591,78718,83236,86709,86057,85500,87692,91772,92823,93032,94244,96414.01563,98915.14,103102.76
FR62,55032,59031,61371,63244,66471,70137,75356,76669,77912,77314,77354,81068,83756,85626,86590,88294.01563,92825.04,95248.69
FR63,14305,14819,15525,15870,16148,16847,17518,18150,17595,17245,16961,17395,17451,17851,17977,18189,18689.65,19382.12
FR71,142091,147760,150735,154702,164555,170023,179932,186986,192796,186383,191681,200461,202300,204503,207864,213603,218819.8,227320.39
FR72,27093,27827,28710,29447,30831,31707,32844,34466,33567,32591,33247,34703,34773,35427,35895,36482.98438,35724.53,35828.32
FR81,43692,46161,47838,50367,53006,55139,58286,60876,62416,61820,62686,65376,65771,65942,66877,68150,69318.15,70877.96
FR82,102588,108098,111289,115464,122204,127972,134473,138798,139127,137094,142969,146121,150173,149816,150867,152769.9844,155382.11,158136.04
FR83,4930,5244,5402,5660,5954,6317,6761,7030,7442,7677,7916,8245,8334,8460,8586,8628,8963.55,9229.77
FRA1,5245,5579,5774,6355,6617,6975,7494,7795,8223,8158,8439,8568,8677,8712,8849,9155,9880.29,10194.76
FRA2,5882,6256,6484,6855,7183,7554,8018,8350,8298,8189,8354,8397,8586,8663,8875,9073,9245.3,9252.38
FRA3,1982,2318,2519,2531,2616,2807,3198,3225,3317,3468,3500,3629,3946,3927,4153,4260,4692.06,4587.11
FRA4,9775,10444,11094,11765,12546,13378,14346,15316,15972,15544,15760,15895,17100,17469,18040,18567,18972.55,19709.54
FRA5,0,0,0,0,0,0,0,0,0,0,0,0,0,0,0,0,2542.69,2900.74
HR03,7311.88,7958.62,8709.22,9719.6,10841.65,11673.27,12707.9,14255.15,15399.6,14317.51,14319.97,14111.05,13931.51,13944.45,13918.08,14272.38,14939.77,15749.68
HR04,16270.11,18006.47,19821.79,20991.22,22581.69,24779.47,27450.78,29691.62,32739.2,30827.87,30835.56,30714.41,30051.23,29834.73,29512.92,30333.55,31699.69,33239.85
HU10,22009,26290,32651,33545,37583,41556,42860,48494,51765,46217,48285,48729,47799,48886,49412,51356,52704.63,57881.35
HU21,5389.24,6112.76,6929.77,7606.97,8672.46,9401.26,9179.43,10368.54,10713.26,8632.85,9383.73,9823.55,9457.6,9863.09,10328.53,11146.14,11646.29,12354.17
HU22,5608.16,6054.28,7256.21,8005.41,8551.97,8922.09,9177.65,9879.41,10403.62,8764.92,9743.86,10225.56,10003.56,10265.35,11271.07,11966.21,12452.29,13179.36
HU23,3741.54,4299.65,5065.6,5256.37,5704.21,6063.38,5938.12,6583.79,6994.77,6135.29,6299.67,6424.77,6323.15,6419.86,6529.05,6617.05,6847.32,7478.88
HU31,4223.73,5040.01,5826.13,6182.3,6916.04,7554.87,7383.71,8052.77,8248.9,6950.68,7137.19,7267.62,7121.81,7422.17,7892.58,8659.84,8738.25,9733.89
HU32,5178.46,6261.06,7255.56,7730.5,8415.28,8920.88,8872.22,9655.99,10169.14,9115.16,9312.82,9726.29,9678.26,9679.22,10232.57,10593.04,10800.61,11791.28
HU33,5156.93,5992.46,6839.19,7049.64,7871.2,8390.97,8229.47,8938.28,9592.34,8208.47,8412.82,8868.28,8847.21,9154.74,9686.86,10228.95,10374.21,11257.81
IE01,19266,21978,25324,27070,30129,31628,35299,36345,34491,31183,29671,31643,31302,29457,30336,40176.03906,41824.93,45019.83
IE02,89117,99962,110627,118488,126015,138587,149762,160948,153197,138519,137453,141427,144451,150751,162823,215637.6406,224487.77,241635.79
IS00,,,,,,,,,,,,,,,,,,
ITC1,100448.59,104622.11,108148.14,112347.2,116777.2,120012.03,124739.02,128808.17,129163.69,120668.91,125313.08,128103.92,123950.21,125352.87,125479.7,127843.31,130941.61,132671.38
ITC2,3285.92,3446.78,3564.33,3830.01,3949.59,4091.02,4227.46,4346.49,4486.56,4289.19,4487.32,4558.8,4592.73,4403.43,4410.06,4402.03,4353.39,4452.65
ITC3,37131.39,39324.48,39839.51,41521.98,43080.29,44322.14,45695.21,48202.53,49253.56,46986.49,46687.84,47630.32,46801.39,46347.4,47246.68,47929.4,48692.48,49314.81
ITC4,257315.48,270004.61,281976.54,291488.27,301790.49,310194.99,319728.37,333047.41,346188.6,330594.01,345569.18,352857.44,346971.95,344407,351588.69,359484.77,369319.71,380955.24
ITF1,24046.07,25176.55,25738.56,26168.23,26272.54,27578.97,28867.53,30085.8,30862.67,29747.41,30580.96,31887.63,31788.32,31349.05,31439.79,31705.88,31800.58,32558.47
ITF2,5356.13,5611.97,5756.13,5862.93,6106.62,6244.97,6642.86,6909.61,6755.99,6587.46,6552.48,6546.02,6368.96,5961.14,5902.66,6037.27,6093.1,6121.07
ITF3,82289.11,86662.36,90435.2,92391.93,95408.06,97907.12,101681.61,105126.44,105536.78,102678.05,101429.69,101212.64,100738.03,99202.38,99942.79,102404.17,104039.92,106430.6
ITF4,57708.02,60044.49,61629.71,63245.58,65224.04,66580.94,69478.53,71142.47,70506.11,68785.39,69989.8,71266.57,71702.35,70115.38,70625.05,72181.24,73496.25,74751.5
ITF5,9589.65,9859.78,10139.84,10110.42,10418.37,10546.32,11147.27,11592.99,11571.41,10936.51,10797.55,11128.65,11080.67,11404.37,11008.13,12002.9,11889.79,12022.54
ITF6,26383.51,27732.06,28311.62,29158.84,30511.63,31426.52,32418.97,33252.54,33815.85,33091.76,32975.42,33327.94,32733.65,32254.96,32099.48,32452.25,32898.92,33705.84
ITG1,69928.46,73668.97,75977.37,78751.25,81124.05,84769.68,88153.77,90004.67,91119.55,88796.04,88965.75,88711.72,88048.68,86722.32,84976.71,86540.05,87025.2,88112.23
ITG2,25296.05,26797.68,27360.02,28649.92,30033.18,30669.69,31950.13,32947.72,33925.99,33089.66,33149.74,33374.6,33358.67,32505.97,32589.86,33743.22,33469.02,33965.03
ITH1,13786.55,14182.41,14432.22,14989.55,15951.63,16242.57,17174.73,17943.96,18541.02,18448.24,19081.46,19723.27,20493.29,20783.14,21051.3,21601.28,22101.23,22273.39
ITH2,13394.52,14059.58,14481.1,14947.87,15440.5,15811.71,16408.63,17250.27,17495.39,17220.6,17602.4,18013.9,17993.88,18396.53,18552.58,18584.98,18885.37,19472.99
ITH3,112685.89,116875.11,119678.8,125794.51,132333.99,136174.11,141078.44,146984.13,147219.96,142048.49,144738.18,149232.41,146772.68,147023.15,149520.21,152792.59,157723.48,162224.14
ITH4,28031.22,29472.58,30412.32,30716.56,31832.7,33159.7,34679.21,36206.87,35923.84,33967.9,35169.44,35844.05,34746.53,35105.69,35382.5,36472.43,36975.83,37641.57
ITH5,106967.53,111321.23,115005.93,118584.82,123614.13,127191.11,134163.99,140855.82,142842.2,135580.74,138755.13,144412.79,142532.24,143795.74,146839.6,149777.74,153768.38,157177.28
ITI1,80776.35,84608.58,87702.1,90840.29,94400.42,96425.18,100696.27,104999.31,106095.99,104028.6,105152.46,107703.76,107241.13,106455.99,108724.87,109988.35,112321.13,113798.4
ITI2,17667.66,18538.07,18984.17,19602.57,20441.91,20820.77,21858.19,22663.07,22967.2,21583.59,21947.41,22132.91,21519.51,21170.71,20838.6,21461.02,21563.75,21696.91
ITI3,30594.48,32162.55,33896.41,34784.39,36284.67,37355.05,39467.15,41210.09,40973.72,39856.36,39921.13,40486.37,39596.95,39131.67,40252.79,40423.64,41084.03,41183.17
ITI4,135579.2,143911.9,151541.35,156103.54,166260.16,171115.55,177057.56,184742.48,185198.94,182492.11,184141.23,187649.14,182525.36,180802.48,181792.02,182911.07,189982.04,193101.37
LI00,,,,,,,,,,,,,,,,,,
LT00,12491,13680,15172,16669,18237,21000,24079,29041,32696,26935,28028,31275,33348,35001,36590,37331,38742.63,42074.84
LU00,23079.42,23771.93,25094.71,26187.79,27935.53,30031.04,33808.45,37178.87,38128.58,36976.52,40177.81,43164.65,44112.1,46499.56,49824.51,51578.86,53303.03,55299.38
LV00,8603.04,9350.92,10151.78,10472.89,11670.23,13712.71,17248.05,22654.47,24309.3,18713.27,17759.42,20172.34,22025.23,22801.04,23583.44,24283.82,25003.03,26996.31
ME00,,,,,,,,,,,,,,,,,,
MK00,4095,4143,4241,4386,4577,5032,5472,6094,6772,6766,7108,7542,7584,8149,8562,9061,,
MT00,4387.92,4532.94,4728.99,4786.83,4856.96,5130.86,5375.1,5744.89,6115.96,6125.72,6585.73,6821.35,7153.99,7630.23,8489.94,9627.94,10326.83,11277.5
NL11,16536,18547,18982,20040,20522,22222,24945,24792,29807,26440,28522,29541,31575,33320,29194,24958.03,23459.71,23841.59
NL12,12505,13457,13626,14117,14304,14984,15837,16955,17549,17117,17315,18101,18052,18040,18279,18208.38,18429.68,19164.12
NL13,9879,10589,10995,11192,11260,11933,12447,13375,13832,13107,13026,13294,13307,13278,13613,13848.28,13916.27,14472.14
NL21,24609,26170,26948,27762,28572,29743,31394,33491,35339,34872,35088,36236,35379,35704,36554,37913.85,39497.11,41183.16
NL22,45473,48354,49974,51387,52590,54307,58394,61695,63974,62984,63412,65716,64628,65020,66599,68832.42,71082.08,74372.99
NL23,6875,7608,8067,8802,9208,9665,10751,11535,11625,11060,11544,11683,11667,11609,11935,12123.36,12629.75,13234.42
NL31,39340,42666,43886,44185,45575,47144,49678,53065,54894,55573,55923,56274,56331,57209,58068,63145.29,64514.47,67251.32
NL32,87917,91746,99040,100984,104988,108574,113673,119709,123899,121030,124982,126516,127198,130973,136936,146560.64,152850.18,158731.51
NL33,98889,105090,108254,111324,114962,120791,127160,135826,140078,135129,136917,136354,137656,137833,139670,148116.63,151492.25,157452.49
NL34,7558,7927,8523,8913,9122,9305,9757,10695,11244,10557,11178,11448,11325,11339,11535,12363.43,12630.86,13092.67
NL41,67882,71485,72739,74248,77208,80636,85683,90028,93250,89716,93365,96360,96510,96871,99399,101630.4,104696.69,109434.48
NL42,26350,27686,28789,29160,30343,30861,32480,34704,35382,33675,34669,35616,35136,35670,36157,38976.36,40972.2,42545.89
NO01,44272.21875,46305,49494.23438,48203.67578,50714.52344,59152.21484,65573.5625,69822.53906,71793.06,68912.4,79953.39,85672.29,96424.58,97961.02,96240.08,93234.41,95106.69,
NO02,7903.047852,8265.919922,8835.232422,8604.854492,9053.066406,10559.28125,11705.55762,12464.04395,13312.56,12589.77,14198.83,15253.67,16507.06,16513.63,16331.36,16219.44,16391.17,
NO03,20812.62109,21768.24414,23267.52148,22660.82227,23841.1875,27807.79297,30826.50586,32823.97266,35884.24,33813.38,37966.37,40132.2,44235.15,43989.94,42786.56,42655.62,42669.28,
NO04,21618.85352,22611.49609,24168.85156,23538.65039,24764.73828,28885.00195,32020.65234,34095.49609,35736.44,34421.73,40289.85,41710.18,46513.45,47098.36,46209.26,44980.8,41729.37,
NO05,24698.51758,25832.56055,27611.76563,26891.79297,28292.53906,32999.74609,36582.07813,38952.48828,40159.78,38941.22,44207.11,47649.15,52843.32,53960.07,52986.55,50719.39,49656.83,
NO06,10766.36621,11260.70898,12036.28516,11722.44043,12333.04102,14384.9668,15946.5459,16979.83594,17224.28,16681.78,19545.89,20774.47,23344.96,23730.18,23208.36,23073.49,23500.22,
NO07,11305.41016,11824.50391,12638.91113,12309.35254,12950.52637,15105.18652,16744.94922,17829.97461,18001.49,17685.27,20792.78,21806.33,23705.19,24281.32,24142.83,23415.81,24769.85,
PL11,11357,13025,13078,12140,12888,15394,17090,19514,22818,19408,22169,23181,23821,24083,25089,26113,25778.4,28184.49
PL12,38049,43661,42664,39121,41814,51112,57414,65902,76133,67390,78579,82575,85283,87291,91213,95160,94978.49,104781.08
PL21,14055,15711,15757,14605,15555,18642,21198,24028,28273,24300,27435,29280,29888,30521,32025,33947,33943.35,37584.49
PL22,24714,28269,28298,25768,28395,32644,35741,40548,47899,41034,46658,49085,49528,49157,51040,53286.00391,52498.38,57209.44
PL31,7680,8919,8722,7982,8362,9855,10820,12488,14778,12399,14132,14926,15359,15665,16030,16424,16333.53,17827.39
PL32,7443,8621,8581,7883,8230,9757,10797,12171,14442,12345,13907,14738,15032,15510,16094,16801.95508,16630.87,18064.13
PL33,4949,5630,5641,5205,5512,6361,7204,8366,10083,8373,9308,9609,9638,9498,9867,10201,9957.04,10835.37
PL34,4329,5131,5057,4574,4794,5733,6276,7304,8347,7290,8255,8656,8683,8943,9227,9454.024414,9335.12,10339.97
PL41,17396,19849,19208,17847,19458,23444,25870,29433,34464,30491,33951,35766,36982,38071,39779,42236,42119.98,46225.08
PL42,8186,9157,8921,7893,8261,9919,10980,12368,14574,12313,13828,14258,14583,14685,15376,16259,15898.68,17267.26
PL43,4390,4969,4877,4392,4840,5900,6536,7421,8416,7184,8120,8373,8574,8714,9180,9513,9476,10219.6
PL51,14608,16342,16407,14919,15834,19284,22316,25832,29888,26127,30892,32771,33438,33417,34781,36197,35711.83,39000.07
PL52,4356,4813,4750,4240,4870,5648,6151,7201,8563,7060,7855,8189,8259,8309,8696,9022,8786.1,9592.33
PL61,9032,10370,10220,9258,9836,11541,12885,14687,17052,14431,16344,16912,17221,17599,18174,19031,18872.35,20505.81
PL62,5384,6009,5918,5518,5841,6948,7678,8693,10101,8742,9901,10316,10489,10619,11038,11440.96289,11372.66,12273.69
PL63,10446,11930,12044,10932,11629,14021,15651,17916,20352,18193,20470,21599,22590,22642,23380,24707,24854.72,27257.09
PT11,36758.17,39242.12,40725.62,40974.66,42249.52,44218.47,46285.87,49219.74,50458.22,49209.51,50843.69,49997.33,48538.1,49404.28,50775.77,52739.85,55049.38,57240.64
PT15,4979.28,5423.42,5801.85,6115.93,6347.28,6741.04,7161.06,7653.13,7848.16,7448.5,7540.9,7347.35,7135.28,7189.21,7500.62,7893.8,8500.99,9014.99
PT16,24944.17,26246.02,27283.07,28225.4,29344.15,30243.63,31672.09,33206.86,33236.37,32941.16,33649.96,32918.77,31806.05,32176.8,32631.96,34193.62,35342.22,36755.69
PT17,47386.46,49882.86,52897.04,54321.76,57127.79,59469.24,62133.57,65589.57,67278.83,66244.97,67653.26,66073.05,62276.31,62790.79,63194.11,64823.29,66955.92,69977.65
PT18,8941.58,9291.58,9634.87,10001.65,10402.91,10716.5,11372.73,11818.85,11781.04,11343.51,11798.65,11526.1,10929.9,10895.02,11104.39,11940.52,12120.97,12736.41
PT20,2427.86,2665.99,2870.07,2982.58,3097.17,3264.13,3430.8,3603.47,3760.66,3729.3,3835.78,3760.34,3610.39,3663.07,3706.26,3829.68,3961.71,4128.06
PT30,2714.99,2817.29,3214.42,3373,3667.09,3890.21,4101.17,4305.81,4448.49,4335.29,4410.9,4367.16,3973.52,4031.38,4124.22,4237.07,4400.75,4607.71
RO11,4619.83,5280.94,5812.62,6308.37,7318.54,9407.26,11675.48,15357.72,16689.58,14444.1,14365.98,14401.48,15094.88,16146.4,17251.85,18370.79,20065.01,22114.37
RO12,4943.18,5475.81,5981.37,6384.88,7158.56,9056.85,11335.02,15110.34,16486.3,14255.98,14296.83,14610.26,15094.24,15872.48,16478.48,17698.44,19255.04,21224.8
RO21,4814.97,5469.96,5886.72,6339.83,7095.78,8964.46,10786.64,13800.72,15519.27,13430.26,13440.99,13286.08,13700.72,14724.18,15116.77,16070.14,17179.65,19041.8
RO22,4796.98,5317.73,5722.62,6078.19,7267.55,9089.25,11050.54,13791,15177.8,13239.62,13365.92,14533.41,14425.66,16201.09,16937.48,17134.1,17788.56,19627.29
RO31,5082.23,5852.91,6234.2,6620.8,7943.68,10177.62,12482.38,15917.27,18358.1,16437.02,15595.7,17188.28,15810.38,17506.93,19545.69,19483.5,20858.7,22981.4
RO32,9116.65,9580.38,10379.71,11228.43,13092.94,19069.9,22946.47,30690.35,38342.48,30938.08,31523.69,34882.43,35697.81,38769.27,40290.5,44514.1,46261.83,50552.67
RO41,3538.5,4120.81,4054.87,4705.68,5396,6561.38,8138.33,10232.95,11393.59,9977.53,9967.5,9891,10360.12,10830.8,10905.13,11724.6,12327.98,13622.94
RO42,3830.51,4362.51,4697.3,5223.79,6089.19,7842.5,9940.38,12620.13,14501.5,12388.98,12697.95,13013.29,12855.49,13634.31,13826.18,15174.36,16538.66,18212.73
RS11,,,,,,,,,,,,,,,,,,
RS12,,,,,,,,,,,,,,,,,,
RS21,,,,,,,,,,,,,,,,,,
RS22,,,,,,,,,,,,,,,,,,
SE11,81128.73,76398.18,80119.46,83109.41,88766.38,91440.06,96378.94,104220.41,103389.12,96061.68,111351.51,124744.62,131744.29,135940.73,137172.62,143357.9,147048.68,148157.26
SE12,40806.42,39108.45,41330.09,42980.49,44798.55,45530.12,48799.09,51771.7,50894.62,44616.1,53467.08,58776.56,61728.04,63375.42,62076.99,63723.92,66036.44,68501.89
SE21,22304.75,20988.89,22108.78,23091.66,24004.86,23400.1,25687.08,27328.98,27168.4,22468.4,26887.24,29652.15,30719.17,31671.9,31023.36,32213.15,33556.53,34724.12
SE22,36807.23,34633.97,36862.25,38113.65,39568.42,40479.13,43155.39,47928.75,45342.05,39362.56,46987.48,50650.29,52961.91,54739.99,54627.3,56822.87,58374.34,60835.87
SE23,54056.44,52107.56,53869.14,57884.52,59470.08,60471.44,65442.94,68812.12,68792.53,59203.71,70628.41,77373,79963.64,83227.82,82912.58,86997.8,90086.59,93182.95
SE31,22511.44,20717.06,21885.13,22923.11,24031.29,24357.57,25843.02,26691.67,26263.5,22340.16,26824.52,28805.32,30118.07,30570.07,29905.94,30449.77,31686.08,32271.86
SE32,10680.52,10740.76,10726.47,10939.37,11390,11631.69,12083.18,12178.04,12474.85,11077.28,13479.69,14076.35,14521.02,14629.62,14268.45,14374.7,14621.42,14925.64
SE33,13871.97,13400.06,13991.76,14689.25,15676.12,16176.89,17800.44,17834.24,18326.82,14784.79,19739.77,21236.69,21943.29,21949.79,21046.64,21152.51,21633.08,22518.08
SI03,10167.89,10672.56,11504.71,11805.92,12462.55,13107.18,14047.58,15590.8,16820.69,15856.24,15888.15,16287.5,15899.69,16007.33,16590.7,17091.6,17633.41,18694.08
SI04,11755.59,12575.53,13546.01,14497.18,15274.11,16128.19,17513.58,19561.79,21130.5,20309.96,20364.28,20608.8,20176.4,20231.87,21012.59,21771.74,22723.81,24305.58
SK01,5549.33,5857.79,6619.2,7535.11,8755.15,10722.72,11934.17,15057.73,17342.13,17954.73,18990.81,19597.25,19870.17,20805.17,21113.47,22282.56,22914.42,23727.2
SK02,7335.89,7703.9,8339.51,9752.96,11376.43,12813.35,15538.07,18823.11,21708.91,20606.46,21591.48,22923.87,23694.85,23708.32,24404.66,24662.56,25478.02,26393.92
SK03,4627.8,5014.45,5559.95,6267.64,7118.46,7620.29,8849.22,11130.35,13402.08,12769.18,13512.57,13837.28,14286.82,14582.7,14950.2,15696.49,16028.28,16684.34
SK04,4833.83,5295.49,5786.96,6508.82,7452.23,8191.94,9208.71,11230.44,13549.66,12692.69,13482.42,14268.81,14851.68,15073.69,15619.46,16496.62,16805.35,18045.41
TR10,,,,,,,,,,,,,,,,,,
TR21,,,,,,,,,,,,,,,,,,
TR22,,,,,,,,,,,,,,,,,,
TR31,,,,,,,,,,,,,,,,,,
TR32,,,,,,,,,,,,,,,,,,
TR33,,,,,,,,,,,,,,,,,,
TR41,,,,,,,,,,,,,,,,,,
TR42,,,,,,,,,,,,,,,,,,
TR51,,,,,,,,,,,,,,,,,,
TR52,,,,,,,,,,,,,,,,,,
TR61,,,,,,,,,,,,,,,,,,
TR62,,,,,,,,,,,,,,,,,,
TR63,,,,,,,,,,,,,,,,,,
TR71,,,,,,,,,,,,,,,,,,
TR72,,,,,,,,,,,,,,,,,,
TR81,,,,,,,,,,,,,,,,,,
TR82,,,,,,,,,,,,,,,,,,
TR83,,,,,,,,,,,,,,,,,,
TR90,,,,,,,,,,,,,,,,,,
TRA1,,,,,,,,,,,,,,,,,,
TRA2,,,,,,,,,,,,,,,,,,
TRB1,,,,,,,,,,,,,,,,,,
TRB2,,,,,,,,,,,,,,,,,,
TRC1,,,,,,,,,,,,,,,,,,
TRC2,,,,,,,,,,,,,,,,,,
TRC3,,,,,,,,,,,,,,,,,,
UKC1,23848.76,23857.34,25076.59,24230.21,26311.81,27219.49,28637.75,29674.95,25978.5,23336.03,24700.24,24685.07,26933.67,26387.08,28560.19,32858.24,29116.32,28038.89
UKC2,31275.65,32261.79,34517.41,32870.67,36295.88,38124.81,40098.38,40618.5,35505.34,30824.26,32699.79,33878.73,37145.18,36023.84,39678.75,45344.86,41539.41,40356.01
UKD1,11942.68,11722.94,12416.37,12350.17,12970.77,13213.66,14488.15,14863.44,13434.71,11721.62,12526.16,12511.59,13906.86,13872.46,15244.06,17960.42,15781.72,14862.26
UKD3,64715.88,67108.61,70225.75,66895.02,71736.53,75816.21,80305.82,83967.62,72798.08,64829.41,69095.16,69038.95,76971.86,76353.25,82462.75,95178.67,87834.81,85326.92
UKD4,34023.91,34290.45,35750.74,35120.24,38225.84,38874.78,40275.8,41957.04,35896.68,30651.72,32993.62,33514.8,36873.44,36197.86,39306.23,46589.05,43551.3,41972.25
UKD6,27724.14,30632.07,31656.72,29642.33,31433.27,32638.06,35335.73,37159.4,31623.83,28460.46,30481.14,30595.65,34718.86,34316.64,37999.64,42756.15,39953.16,39739.32
UKD7,32494.25,33521.21,35377.92,34865.12,36844.72,38022.55,40991.99,41499.5,36934.71,33737.72,35770.17,35755.15,38004.53,36788.46,40740.71,47032.07,41744.7,41153.85
UKE1,20652.21,21292,22558.68,21802.53,23541.37,24380.34,25857.64,27330.48,23555.5,21806.58,22054.43,21769.78,23321.09,22230.48,24142.8,28685.74,25682.41,23912.2
UKE2,20288.1,21032.6,22802.52,22153.93,23488.94,23961.53,24858.23,26095.79,22532.74,19383.63,20400.15,20991.6,22987.28,22922.59,24662.65,27486.32,25139.07,24591.84
UKE3,25863.3,26905.7,28495.64,27391.16,29729.39,30633.29,32581.66,34829.53,29211.93,25441.01,27395.23,27826.19,30686.95,30215.42,32808.01,38040.29,34701.71,33392.54
UKE4,54688.93,55117.32,57054.89,55353.54,60010.91,63346.02,66556.64,70006.28,59554.88,52242.63,55044.17,56464.12,61651.15,60554.75,65838.43,77079.32,70429.9,68132.8
UKF1,48079.93,48607.36,50248.59,47481.65,51247.4,54146.78,56497.45,58402.38,50816.28,44127.09,47944.24,50001.2,54824.62,54274.38,59390.25,67454.63,61843.09,59817.75
UKF2,42621.83,42773.62,43769.17,42331.06,45203.55,47148.74,50811.9,53048.24,46569.79,40311.49,43914.7,44182.24,48784.34,48890.44,54124.95,62266.4,58154.62,56718.88
UKF3,14376.22,15086.15,15687,15307.34,15465.97,15755.75,16849.95,17470.74,15692.57,13350.89,14580.41,14861.63,16431.11,16567.07,18146.36,20302.15,17985.22,17386.83
UKG1,34119.06,33807.44,34397.26,33260.58,35417.72,36543.72,38926.44,39114.47,34706,29577.04,32189.79,33929.06,38291.44,38640.67,43302.46,49782.87,44966.47,43910.97
UKG2,34627.72,35059.7,36588.28,34842.66,37775.3,38949.45,40671.33,41460.56,37048.5,31283.95,33853.12,35027.29,38234.89,37673.03,41084.03,47226.57,42866.98,41473.76
UKG3,68002.08,68863.56,70800.01,66976.85,71156.56,74063.04,76490.49,79515.57,68043.68,59006.19,64088.32,65417.75,71770.24,72051.64,80063.62,92298.21,87843.03,85637.83
UKH1,60114.1,61518.16,63665.06,60786.52,64717.87,67894.51,72984.42,75165.73,66005.09,57421.29,61723.41,63190.31,70766.06,70125.6,76944.47,88002.22,80805.51,78207.99
UKH2,54374.22,54863.29,56335.74,54084.34,56647.39,59631.91,61553.09,64178.37,58047.79,49701.36,51558.28,51687.91,56238.48,57277.46,64234.37,74289.93,68624.67,67166.65
UKH3,40559.72,42170.75,43498.83,43040.27,45034.8,46335.46,48534.75,50137.53,43999.69,38053.68,41112.26,41343.1,45188.31,44169.61,49354.5,57022.61,51612.55,50942.54
UKI3,138593.24,141775.49,147119.98,143958.02,156122.72,170030.89,180285.64,200032.54,176033.47,158086.02,170954.84,177683.96,199282.39,200493.52,227954.75,259897.44,251230.54,245189.95
UKI4,80424.15,82123.2,84990.4,82518.45,89669.85,96703.2,103126.16,113817.8,102161.28,92191.78,99735.52,106622.76,117048.21,115411.82,128910.77,147190.57,136148.96,134081.49
UKI5,37547.98,37633.99,38782.83,37448.44,39824.87,41636.01,44379.23,46563.23,40320.8,33151.08,36001.87,36575.92,41785.4,41633.2,45702.98,51902.31,47476.54,46196.59
UKI6,35048.56,35156.3,36105.9,34834.64,37011.83,38629.66,40825.96,43055.45,36906.95,30705.95,32297.22,32468.19,36612.74,35578.26,39616.2,43591.27,40172.14,38917.06
UKI7,69037.71,68870.71,70506.7,67334.66,70607.72,73309.83,77987.97,81765.93,71442.26,59374.69,63226.24,65488.73,74322.08,75165.46,86370.02,98852.57,91161.96,89561.53
UKJ1,90787.76,90890.81,94708.64,91272.84,95195.98,98677.14,103218.94,107775.73,96565.91,84156.35,90357.41,93499.47,103406.2,102774.6,113641.69,132056.58,120787.41,116149.91
UKJ2,85144.86,85983.74,88799.95,83861.46,87318.83,90570.38,97360.85,100979.21,90953.89,78605.5,84463.88,85077.53,95167.19,95024.32,103956.22,120545.55,108948.73,105005.79
UKJ3,53865.55,55285.48,58256.42,54463.01,59022.98,61430.53,63823.73,67444.4,59826.87,52639.47,57173.5,58318.6,64317.48,63917.73,70059.84,79359.29,71060.84,68937.07
UKJ4,40010.8,40823.67,42813.25,41504.72,43963.33,46296.5,47948.78,49978.52,45336.09,38561.44,41747.83,42607.81,46749.76,46261.75,50923.8,59030.9,54306.02,53086.82
UKK1,67531.84,70568.42,73019.3,69609.9,74349.69,76645.71,79724.73,84764.25,74947.69,66628.76,72289.81,72871.79,80445.13,79565.94,89393.25,100609.25,91554.76,88078.9
UKK2,30971.92,30751.92,31271.52,29982.5,31955.9,33699.7,35382.93,36138.87,32332.96,28263.27,29736.85,30102.67,33047.06,32413.02,36025.85,40712.35,37319.91,36206.19
UKK3,9573.17,9916.11,10529.27,10474.46,11050.63,11627.7,12308.66,12543.31,11373.92,9617.87,10249.26,10382.23,11596.4,11453.38,12343.14,14204.71,13267.54,12769.36
UKK4,24727.03,25007.63,26165.03,25117.52,27717.51,28654.48,30394.04,30833.39,27159.47,23466.66,25362.98,25509.71,28048.2,28060,30379.7,34909.75,32072.57,30783.16
UKL1,35204.09,35068.64,36673.09,35149.13,38307.76,39892.59,42432.5,43366.97,37394.05,32553.36,35154.02,36520.43,40352.23,39803.41,43249.64,49329.03,44881.61,43269.87
UKL2,28560.33,28834.18,29700.7,29027.79,30981.09,32079.65,33714.54,35337.37,29705.97,26333.29,28134.35,29343.84,32598.76,32329.97,34658.1,40091.8,37641.54,36627.6
UKM2,51705,52493,55138,53097,58534,60076,65555,68709,58594,52664,54015,54635,59279,59452,64457,74191,67808.17,65683.45
UKM3,56505,58414,58230,56005,61074,65446,68716,69967,61471,54793,56411,57316,61753,61573,69254,79008,72210.75,69948.08
UKM5,17473.96,18363.5,19070.72,17552.1,18713.17,20034.76,21947.9,24358.12,23022.61,20275.91,21504.3,22547.97,25206.69,25200.61,27795.7,29659.78,25278.67,23903.2
UKM6,11324.23,11672.85,11884.52,11926.57,13054.33,13858.11,14309.11,14709.3,13175.21,11811.59,12436.84,12923.27,14098.59,14254.77,15341.36,17350.68,15799.51,14675.96
UKN0,41099.5,41592.92,42417.46,41747.01,44702.22,47002.64,49758.78,51557.19,44378.55,38762.33,40500,41390.85,45948.35,44967.18,48919.43,55971.38,52320.13,50888.58
